Div,Date,HomeTeam,AwayTeam,FTHG,FTAG,FTR
E0,20/08/1994,Arsenal,Man City,3,0,H
E0,20/08/1994,Chelsea,Norwich,2,0,H
E0,20/08/1994,Coventry,Wimbledon,1,1,D
E0,20/08/1994,Crystal Palace,Liverpool,1,6,A
E0,20/08/1994,Everton,Aston Villa,2,2,D
E0,20/08/1994,Ipswich,Nott'm Forest,0,1,A
E0,20/08/1994,Man United,QPR,2,0,H
E0,20/08/1994,Sheffield Weds,Tottenham,3,4,A
E0,20/08/1994,Southampton,Blackburn,1,1,D
E0,20/08/1994,West Ham,Leeds,0,0,D
E0,21/08/1994,Leicester,Newcastle,1,3,A
E0,22/08/1994,Nott'm Forest,Man United,1,1,D
E0,23/08/1994,Blackburn,Leicester,3,0,H
E0,23/08/1994,Leeds,Arsenal,1,0,H
E0,23/08/1994,Wimbledon,Ipswich,1,1,D
E0,24/08/1994,Aston Villa,Southampton,1,1,D
E0,24/08/1994,Man City,West Ham,3,0,H
E0,24/08/1994,Newcastle,Coventry,4,0,H
E0,24/08/1994,Norwich,Crystal Palace,0,0,D
E0,24/08/1994,QPR,Sheffield Weds,3,2,H
E0,24/08/1994,Tottenham,Everton,2,1,H
E0,27/08/1994,Aston Villa,Crystal Palace,1,1,D
E0,27/08/1994,Blackburn,Coventry,4,0,H
E0,27/08/1994,Leeds,Chelsea,2,3,A
E0,27/08/1994,Man City,Everton,4,0,H
E0,27/08/1994,Newcastle,Southampton,5,1,H
E0,27/08/1994,Norwich,West Ham,1,0,H
E0,27/08/1994,Nott'm Forest,Leicester,1,0,H
E0,27/08/1994,QPR,Ipswich,1,2,A
E0,27/08/1994,Tottenham,Man United,0,1,A
E0,27/08/1994,Wimbledon,Sheffield Weds,0,1,A
E0,28/08/1994,Liverpool,Arsenal,3,0,H
E0,29/08/1994,Coventry,Aston Villa,0,1,A
E0,30/08/1994,Crystal Palace,Leeds,1,2,A
E0,30/08/1994,Everton,Nott'm Forest,1,2,A
E0,30/08/1994,Ipswich,Tottenham,1,3,A
E0,31/08/1994,Arsenal,Blackburn,0,0,D
E0,31/08/1994,Chelsea,Man City,3,0,H
E0,31/08/1994,Leicester,QPR,1,1,D
E0,31/08/1994,Man United,Wimbledon,3,0,H
E0,31/08/1994,Sheffield Weds,Norwich,0,0,D
E0,31/08/1994,Southampton,Liverpool,0,2,A
E0,31/08/1994,West Ham,Newcastle,1,3,A
E0,10/09/1994,Aston Villa,Ipswich,2,0,H
E0,10/09/1994,Blackburn,Everton,3,0,H
E0,10/09/1994,Liverpool,West Ham,0,0,D
E0,10/09/1994,Man City,Crystal Palace,1,1,D
E0,10/09/1994,Newcastle,Chelsea,4,2,H
E0,10/09/1994,Norwich,Arsenal,0,0,D
E0,10/09/1994,Nott'm Forest,Sheffield Weds,4,1,H
E0,10/09/1994,QPR,Coventry,2,2,D
E0,10/09/1994,Wimbledon,Leicester,2,1,H
E0,11/09/1994,Leeds,Man United,2,1,H
E0,12/09/1994,Tottenham,Southampton,1,2,A
E0,17/09/1994,Coventry,Leeds,2,1,H
E0,17/09/1994,Crystal Palace,Wimbledon,0,0,D
E0,17/09/1994,Everton,QPR,2,2,D
E0,17/09/1994,Leicester,Tottenham,3,1,H
E0,17/09/1994,Man United,Liverpool,2,0,H
E0,17/09/1994,Sheffield Weds,Man City,1,1,D
E0,17/09/1994,Southampton,Nott'm Forest,1,1,D
E0,17/09/1994,West Ham,Aston Villa,1,0,H
E0,18/09/1994,Arsenal,Newcastle,2,3,A
E0,18/09/1994,Chelsea,Blackburn,1,2,A
E0,19/09/1994,Ipswich,Norwich,1,2,A
E0,24/09/1994,Blackburn,Aston Villa,3,1,H
E0,24/09/1994,Coventry,Southampton,1,3,A
E0,24/09/1994,Crystal Palace,Chelsea,0,1,A
E0,24/09/1994,Everton,Leicester,1,1,D
E0,24/09/1994,Ipswich,Man United,3,2,H
E0,24/09/1994,Man City,Norwich,2,0,H
E0,24/09/1994,Newcastle,Liverpool,1,1,D
E0,24/09/1994,QPR,Wimbledon,0,1,A
E0,24/09/1994,Tottenham,Nott'm Forest,1,4,A
E0,25/09/1994,West Ham,Arsenal,0,2,A
E0,26/09/1994,Sheffield Weds,Leeds,1,1,D
E0,01/10/1994,Arsenal,Crystal Palace,1,2,A
E0,01/10/1994,Aston Villa,Newcastle,0,2,A
E0,01/10/1994,Leeds,Man City,2,0,H
E0,01/10/1994,Liverpool,Sheffield Weds,4,1,H
E0,01/10/1994,Man United,Everton,2,0,H
E0,01/10/1994,Norwich,Blackburn,2,1,H
E0,01/10/1994,Southampton,Ipswich,3,1,H
E0,01/10/1994,Wimbledon,Tottenham,1,2,A
E0,02/10/1994,Chelsea,West Ham,1,2,A
E0,02/10/1994,Nott'm Forest,QPR,3,2,H
E0,03/10/1994,Leicester,Coventry,2,2,D
E0,08/10/1994,Chelsea,Leicester,4,0,H
E0,08/10/1994,Liverpool,Aston Villa,3,2,H
E0,08/10/1994,Man City,Nott'm Forest,3,3,D
E0,08/10/1994,Norwich,Leeds,2,1,H
E0,08/10/1994,Sheffield Weds,Man United,1,0,H
E0,08/10/1994,Southampton,Everton,2,0,H
E0,08/10/1994,Tottenham,QPR,1,1,D
E0,08/10/1994,West Ham,Crystal Palace,1,0,H
E0,08/10/1994,Wimbledon,Arsenal,1,3,A
E0,09/10/1994,Newcastle,Blackburn,1,1,D
E0,10/10/1994,Coventry,Ipswich,2,0,H
E0,15/10/1994,Arsenal,Chelsea,3,1,H
E0,15/10/1994,Aston Villa,Norwich,1,1,D
E0,15/10/1994,Blackburn,Liverpool,3,2,H
E0,15/10/1994,Crystal Palace,Newcastle,0,1,A
E0,15/10/1994,Everton,Coventry,0,2,A
E0,15/10/1994,Leeds,Tottenham,1,1,D
E0,15/10/1994,Leicester,Southampton,4,3,H
E0,15/10/1994,Man United,West Ham,1,0,H
E0,15/10/1994,QPR,Man City,1,2,A
E0,16/10/1994,Ipswich,Sheffield Weds,1,2,A
E0,17/10/1994,Nott'm Forest,Wimbledon,3,1,H
E0,22/10/1994,Aston Villa,Nott'm Forest,0,2,A
E0,22/10/1994,Crystal Palace,Everton,1,0,H
E0,22/10/1994,Liverpool,Wimbledon,3,0,H
E0,22/10/1994,Man City,Tottenham,5,2,H
E0,22/10/1994,Newcastle,Sheffield Weds,2,1,H
E0,22/10/1994,Norwich,QPR,4,2,H
E0,22/10/1994,West Ham,Southampton,2,0,H
E0,23/10/1994,Arsenal,Coventry,2,1,H
E0,23/10/1994,Blackburn,Man United,2,4,A
E0,23/10/1994,Chelsea,Ipswich,2,0,H
E0,24/10/1994,Leeds,Leicester,2,1,H
E0,29/10/1994,Coventry,Man City,1,0,H
E0,29/10/1994,Everton,Arsenal,1,1,D
E0,29/10/1994,Ipswich,Liverpool,1,3,A
E0,29/10/1994,Leicester,Crystal Palace,0,1,A
E0,29/10/1994,Man United,Newcastle,2,0,H
E0,29/10/1994,Nott'm Forest,Blackburn,0,2,A
E0,29/10/1994,QPR,Aston Villa,2,0,H
E0,29/10/1994,Sheffield Weds,Chelsea,1,1,D
E0,29/10/1994,Southampton,Leeds,1,3,A
E0,29/10/1994,Tottenham,West Ham,3,1,H
E0,30/10/1994,Wimbledon,Norwich,1,0,H
E0,31/10/1994,QPR,Liverpool,2,1,H
E0,01/11/1994,Everton,West Ham,1,0,H
E0,01/11/1994,Ipswich,Leeds,2,0,H
E0,02/11/1994,Coventry,Crystal Palace,1,4,A
E0,02/11/1994,Sheffield Weds,Blackburn,0,1,A
E0,02/11/1994,Southampton,Norwich,1,1,D
E0,05/11/1994,Blackburn,Tottenham,2,0,H
E0,05/11/1994,Crystal Palace,Ipswich,3,0,H
E0,05/11/1994,Leeds,Wimbledon,3,1,H
E0,05/11/1994,Liverpool,Nott'm Forest,1,0,H
E0,05/11/1994,Man City,Southampton,3,3,D
E0,05/11/1994,Newcastle,QPR,2,1,H
E0,05/11/1994,Norwich,Everton,0,0,D
E0,05/11/1994,West Ham,Leicester,1,0,H
E0,06/11/1994,Arsenal,Sheffield Weds,0,0,D
E0,06/11/1994,Aston Villa,Man United,1,2,A
E0,06/11/1994,Chelsea,Coventry,2,2,D
E0,07/11/1994,Nott'm Forest,Newcastle,0,0,D
E0,09/11/1994,Liverpool,Chelsea,3,1,H
E0,09/11/1994,Wimbledon,Aston Villa,4,3,H
E0,10/11/1994,Man United,Man City,5,0,H
E0,19/11/1994,Coventry,Norwich,1,0,H
E0,19/11/1994,Ipswich,Blackburn,1,3,A
E0,19/11/1994,Man United,Crystal Palace,3,0,H
E0,19/11/1994,Nott'm Forest,Chelsea,0,1,A
E0,19/11/1994,QPR,Leeds,3,2,H
E0,19/11/1994,Sheffield Weds,West Ham,1,0,H
E0,19/11/1994,Southampton,Arsenal,1,0,H
E0,19/11/1994,Tottenham,Aston Villa,3,4,A
E0,19/11/1994,Wimbledon,Newcastle,3,2,H
E0,20/11/1994,Leicester,Man City,0,1,A
E0,21/11/1994,Everton,Liverpool,2,0,H
E0,23/11/1994,Leicester,Arsenal,2,1,H
E0,23/11/1994,Tottenham,Chelsea,0,0,D
E0,26/11/1994,Arsenal,Man United,0,0,D
E0,26/11/1994,Blackburn,QPR,4,0,H
E0,26/11/1994,Chelsea,Everton,0,1,A
E0,26/11/1994,Crystal Palace,Southampton,0,0,D
E0,26/11/1994,Leeds,Nott'm Forest,1,0,H
E0,26/11/1994,Liverpool,Tottenham,1,1,D
E0,26/11/1994,Man City,Wimbledon,2,0,H
E0,26/11/1994,Newcastle,Ipswich,1,1,D
E0,26/11/1994,Norwich,Leicester,2,1,H
E0,26/11/1994,West Ham,Coventry,0,1,A
E0,27/11/1994,Aston Villa,Sheffield Weds,1,1,D
E0,03/12/1994,Coventry,Liverpool,1,1,D
E0,03/12/1994,Ipswich,Man City,1,2,A
E0,03/12/1994,Leicester,Aston Villa,1,1,D
E0,03/12/1994,Man United,Norwich,1,0,H
E0,03/12/1994,Nott'm Forest,Arsenal,2,2,D
E0,03/12/1994,Sheffield Weds,Crystal Palace,1,0,H
E0,03/12/1994,Southampton,Chelsea,0,1,A
E0,03/12/1994,Tottenham,Newcastle,4,2,H
E0,03/12/1994,Wimbledon,Blackburn,0,3,A
E0,04/12/1994,Everton,Leeds,3,0,H
E0,04/12/1994,QPR,West Ham,2,1,H
E0,10/12/1994,Aston Villa,Everton,0,0,D
E0,10/12/1994,Blackburn,Southampton,3,2,H
E0,10/12/1994,Leeds,West Ham,2,2,D
E0,10/12/1994,Newcastle,Leicester,3,1,H
E0,10/12/1994,Norwich,Chelsea,3,0,H
E0,10/12/1994,Nott'm Forest,Ipswich,4,1,H
E0,10/12/1994,QPR,Man United,2,3,A
E0,10/12/1994,Tottenham,Sheffield Weds,3,1,H
E0,10/12/1994,Wimbledon,Coventry,2,0,H
E0,11/12/1994,Liverpool,Crystal Palace,0,0,D
E0,12/12/1994,Man City,Arsenal,1,2,A
E0,16/12/1994,Ipswich,Wimbledon,2,2,D
E0,17/12/1994,Arsenal,Leeds,1,3,A
E0,17/12/1994,Coventry,Newcastle,0,0,D
E0,17/12/1994,Crystal Palace,Norwich,0,1,A
E0,17/12/1994,Everton,Tottenham,0,0,D
E0,17/12/1994,Leicester,Blackburn,0,0,D
E0,17/12/1994,Man United,Nott'm Forest,1,2,A
E0,17/12/1994,Sheffield Weds,QPR,0,2,A
E0,17/12/1994,West Ham,Man City,3,0,H
E0,18/12/1994,Chelsea,Liverpool,0,0,D
E0,19/12/1994,Southampton,Aston Villa,2,1,H
E0,26/12/1994,Arsenal,Aston Villa,0,0,D
E0,26/12/1994,Chelsea,Man United,2,3,A
E0,26/12/1994,Coventry,Nott'm Forest,0,0,D
E0,26/12/1994,Crystal Palace,QPR,0,0,D
E0,26/12/1994,Everton,Sheffield Weds,1,4,A
E0,26/12/1994,Leeds,Newcastle,0,0,D
E0,26/12/1994,Leicester,Liverpool,1,2,A
E0,26/12/1994,Man City,Blackburn,1,3,A
E0,26/12/1994,Norwich,Tottenham,0,2,A
E0,26/12/1994,Southampton,Wimbledon,2,3,A
E0,26/12/1994,West Ham,Ipswich,1,1,D
E0,27/12/1994,Nott'm Forest,Norwich,1,0,H
E0,27/12/1994,Tottenham,Crystal Palace,0,0,D
E0,28/12/1994,Aston Villa,Chelsea,3,0,H
E0,28/12/1994,Ipswich,Arsenal,0,2,A
E0,28/12/1994,Liverpool,Man City,2,0,H
E0,28/12/1994,Man United,Leicester,1,1,D
E0,28/12/1994,QPR,Southampton,2,2,D
E0,28/12/1994,Sheffield Weds,Coventry,5,1,H
E0,28/12/1994,Wimbledon,West Ham,1,0,H
E0,31/12/1994,Arsenal,QPR,1,3,A
E0,31/12/1994,Chelsea,Wimbledon,1,1,D
E0,31/12/1994,Coventry,Tottenham,0,4,A
E0,31/12/1994,Crystal Palace,Blackburn,0,1,A
E0,31/12/1994,Everton,Ipswich,4,1,H
E0,31/12/1994,Leeds,Liverpool,0,2,A
E0,31/12/1994,Leicester,Sheffield Weds,0,1,A
E0,31/12/1994,Man City,Aston Villa,2,2,D
E0,31/12/1994,Norwich,Newcastle,2,1,H
E0,31/12/1994,Southampton,Man United,2,2,D
E0,31/12/1994,West Ham,Nott'm Forest,3,1,H
E0,02/01/1995,Aston Villa,Leeds,0,0,D
E0,02/01/1995,Blackburn,West Ham,4,2,H
E0,02/01/1995,Ipswich,Leicester,4,1,H
E0,02/01/1995,Liverpool,Norwich,4,0,H
E0,02/01/1995,Newcastle,Man City,0,0,D
E0,02/01/1995,Nott'm Forest,Crystal Palace,1,0,H
E0,02/01/1995,Sheffield Weds,Southampton,1,1,D
E0,02/01/1995,Tottenham,Arsenal,1,0,H
E0,02/01/1995,Wimbledon,Everton,2,1,H
E0,03/01/1995,Man United,Coventry,2,0,H
E0,14/01/1995,Arsenal,Everton,1,1,D
E0,14/01/1995,Aston Villa,QPR,2,1,H
E0,14/01/1995,Blackburn,Nott'm Forest,3,0,H
E0,14/01/1995,Chelsea,Sheffield Weds,1,1,D
E0,14/01/1995,Crystal Palace,Leicester,2,0,H
E0,14/01/1995,Leeds,Southampton,0,0,D
E0,14/01/1995,Liverpool,Ipswich,0,1,A
E0,14/01/1995,Man City,Coventry,0,0,D
E0,14/01/1995,Norwich,Wimbledon,1,2,A
E0,14/01/1995,West Ham,Tottenham,1,2,A
E0,15/01/1995,Newcastle,Man United,1,1,D
E0,21/01/1995,Coventry,Arsenal,0,1,A
E0,21/01/1995,Everton,Crystal Palace,3,1,H
E0,21/01/1995,Ipswich,Chelsea,2,2,D
E0,21/01/1995,Nott'm Forest,Aston Villa,1,2,A
E0,21/01/1995,Sheffield Weds,Newcastle,0,0,D
E0,22/01/1995,Man United,Blackburn,1,0,H
E0,23/01/1995,West Ham,Sheffield Weds,0,2,A
E0,24/01/1995,Arsenal,Southampton,1,1,D
E0,24/01/1995,Leeds,QPR,4,0,H
E0,24/01/1995,Liverpool,Everton,0,0,D
E0,25/01/1995,Aston Villa,Tottenham,1,0,H
E0,25/01/1995,Chelsea,Nott'm Forest,0,2,A
E0,25/01/1995,Crystal Palace,Man United,1,1,D
E0,25/01/1995,Man City,Leicester,0,1,A
E0,25/01/1995,Newcastle,Wimbledon,2,1,H
E0,25/01/1995,Norwich,Coventry,2,2,D
E0,28/01/1995,Blackburn,Ipswich,4,1,H
E0,01/02/1995,Blackburn,Leeds,1,1,D
E0,01/02/1995,Newcastle,Everton,2,0,H
E0,04/02/1995,Coventry,Chelsea,2,2,D
E0,04/02/1995,Everton,Norwich,2,1,H
E0,04/02/1995,Ipswich,Crystal Palace,0,2,A
E0,04/02/1995,Leicester,West Ham,1,2,A
E0,04/02/1995,Man United,Aston Villa,1,0,H
E0,04/02/1995,Nott'm Forest,Liverpool,1,1,D
E0,04/02/1995,QPR,Newcastle,3,0,H
E0,04/02/1995,Sheffield Weds,Arsenal,3,1,H
E0,04/02/1995,Southampton,Man City,2,2,D
E0,04/02/1995,Wimbledon,Leeds,0,0,D
E0,05/02/1995,Tottenham,Blackburn,3,1,H
E0,11/02/1995,Arsenal,Leicester,1,1,D
E0,11/02/1995,Aston Villa,Wimbledon,7,1,H
E0,11/02/1995,Chelsea,Tottenham,1,1,D
E0,11/02/1995,Crystal Palace,Coventry,0,2,A
E0,11/02/1995,Liverpool,QPR,1,1,D
E0,11/02/1995,Man City,Man United,0,3,A
E0,11/02/1995,Newcastle,Nott'm Forest,2,1,H
E0,11/02/1995,Norwich,Southampton,2,2,D
E0,12/02/1995,Blackburn,Sheffield Weds,3,1,H
E0,13/02/1995,West Ham,Everton,2,2,D
E0,18/02/1995,Coventry,West Ham,2,0,H
E0,18/02/1995,Sheffield Weds,Aston Villa,1,2,A
E0,21/02/1995,Arsenal,Nott'm Forest,1,0,H
E0,22/02/1995,Aston Villa,Leicester,4,4,D
E0,22/02/1995,Blackburn,Wimbledon,2,1,H
E0,22/02/1995,Leeds,Everton,1,0,H
E0,22/02/1995,Man City,Ipswich,2,0,H
E0,22/02/1995,Norwich,Man United,0,2,A
E0,25/02/1995,Blackburn,Norwich,0,0,D
E0,25/02/1995,Coventry,Leicester,4,2,H
E0,25/02/1995,Crystal Palace,Arsenal,0,3,A
E0,25/02/1995,Everton,Man United,1,0,H
E0,25/02/1995,Ipswich,Southampton,2,1,H
E0,25/02/1995,Man City,Leeds,0,0,D
E0,25/02/1995,Newcastle,Aston Villa,3,1,H
E0,25/02/1995,Sheffield Weds,Liverpool,1,2,A
E0,25/02/1995,Tottenham,Wimbledon,1,2,A
E0,25/02/1995,West Ham,Chelsea,1,2,A
E0,26/02/1995,QPR,Nott'm Forest,1,1,D
E0,28/02/1995,Ipswich,Newcastle,0,2,A
E0,04/03/1995,Aston Villa,Blackburn,0,1,A
E0,04/03/1995,Leeds,Sheffield Weds,0,1,A
E0,04/03/1995,Leicester,Everton,2,2,D
E0,04/03/1995,Liverpool,Newcastle,2,0,H
E0,04/03/1995,Man United,Ipswich,9,0,H
E0,04/03/1995,Norwich,Man City,1,1,D
E0,04/03/1995,Nott'm Forest,Tottenham,2,2,D
E0,04/03/1995,Southampton,Coventry,0,0,D
E0,04/03/1995,Wimbledon,QPR,1,3,A
E0,05/03/1995,Arsenal,West Ham,0,1,A
E0,05/03/1995,Chelsea,Crystal Palace,0,0,D
E0,06/03/1995,Aston Villa,Coventry,0,0,D
E0,07/03/1995,Wimbledon,Man United,0,1,A
E0,08/03/1995,Blackburn,Arsenal,3,1,H
E0,08/03/1995,Man City,Chelsea,1,2,A
E0,08/03/1995,Newcastle,West Ham,2,0,H
E0,08/03/1995,Norwich,Sheffield Weds,0,0,D
E0,08/03/1995,Nott'm Forest,Everton,2,1,H
E0,08/03/1995,QPR,Leicester,2,0,H
E0,08/03/1995,Tottenham,Ipswich,3,0,H
E0,11/03/1995,Chelsea,Leeds,0,3,A
E0,11/03/1995,Coventry,Blackburn,1,1,D
E0,11/03/1995,Leicester,Nott'm Forest,2,4,A
E0,11/03/1995,Sheffield Weds,Wimbledon,0,1,A
E0,11/03/1995,West Ham,Norwich,2,2,D
E0,14/03/1995,Crystal Palace,Sheffield Weds,2,1,H
E0,14/03/1995,Liverpool,Coventry,2,3,A
E0,15/03/1995,Everton,Man City,1,1,D
E0,15/03/1995,Leicester,Leeds,1,3,A
E0,15/03/1995,Man United,Tottenham,0,0,D
E0,15/03/1995,QPR,Norwich,2,0,H
E0,15/03/1995,Southampton,West Ham,1,1,D
E0,18/03/1995,Aston Villa,West Ham,0,2,A
E0,18/03/1995,Blackburn,Chelsea,2,1,H
E0,18/03/1995,Leeds,Coventry,3,0,H
E0,18/03/1995,Man City,Sheffield Weds,3,2,H
E0,18/03/1995,Nott'm Forest,Southampton,3,0,H
E0,18/03/1995,QPR,Everton,2,3,A
E0,18/03/1995,Tottenham,Leicester,1,0,H
E0,18/03/1995,Wimbledon,Crystal Palace,2,0,H
E0,19/03/1995,Liverpool,Man United,2,0,H
E0,19/03/1995,Newcastle,Arsenal,1,0,H
E0,20/03/1995,Norwich,Ipswich,3,0,H
E0,21/03/1995,Wimbledon,Man City,2,0,H
E0,22/03/1995,Man United,Arsenal,3,0,H
E0,22/03/1995,Nott'm Forest,Leeds,3,0,H
E0,22/03/1995,QPR,Chelsea,1,0,H
E0,22/03/1995,Southampton,Newcastle,3,1,H
E0,22/03/1995,Tottenham,Liverpool,0,0,D
E0,01/04/1995,Arsenal,Norwich,5,1,H
E0,01/04/1995,Chelsea,Newcastle,1,1,D
E0,01/04/1995,Coventry,QPR,0,1,A
E0,01/04/1995,Crystal Palace,Man City,2,1,H
E0,01/04/1995,Everton,Blackburn,1,2,A
E0,01/04/1995,Ipswich,Aston Villa,0,1,A
E0,01/04/1995,Leicester,Wimbledon,3,4,A
E0,01/04/1995,Sheffield Weds,Nott'm Forest,1,7,A
E0,02/04/1995,Man United,Leeds,0,0,D
E0,02/04/1995,Southampton,Tottenham,4,3,H
E0,04/04/1995,Crystal Palace,Aston Villa,0,0,D
E0,04/04/1995,QPR,Blackburn,0,1,A
E0,05/04/1995,Leeds,Ipswich,4,0,H
E0,05/04/1995,Leicester,Norwich,1,0,H
E0,05/04/1995,Liverpool,Southampton,3,1,H
E0,08/04/1995,Newcastle,Norwich,3,0,H
E0,08/04/1995,Nott'm Forest,West Ham,1,1,D
E0,08/04/1995,QPR,Arsenal,3,1,H
E0,08/04/1995,Sheffield Weds,Leicester,1,0,H
E0,09/04/1995,Liverpool,Leeds,0,1,A
E0,10/04/1995,Wimbledon,Chelsea,1,1,D
E0,11/04/1995,Ipswich,QPR,0,1,A
E0,11/04/1995,Tottenham,Man City,2,1,H
E0,12/04/1995,Arsenal,Liverpool,0,1,A
E0,12/04/1995,Chelsea,Southampton,0,2,A
E0,12/04/1995,Norwich,Nott'm Forest,0,1,A
E0,13/04/1995,West Ham,Wimbledon,3,0,H
E0,14/04/1995,Crystal Palace,Tottenham,1,1,D
E0,14/04/1995,Everton,Newcastle,2,0,H
E0,14/04/1995,Man City,Liverpool,2,1,H
E0,15/04/1995,Arsenal,Ipswich,4,1,H
E0,15/04/1995,Chelsea,Aston Villa,1,0,H
E0,15/04/1995,Coventry,Sheffield Weds,2,0,H
E0,15/04/1995,Leeds,Blackburn,1,1,D
E0,15/04/1995,Leicester,Man United,0,4,A
E0,15/04/1995,Southampton,QPR,2,1,H
E0,17/04/1995,Aston Villa,Arsenal,0,4,A
E0,17/04/1995,Blackburn,Man City,2,3,A
E0,17/04/1995,Ipswich,West Ham,1,1,D
E0,17/04/1995,Liverpool,Leicester,2,0,H
E0,17/04/1995,Man United,Chelsea,0,0,D
E0,17/04/1995,Newcastle,Leeds,1,2,A
E0,17/04/1995,Nott'm Forest,Coventry,2,0,H
E0,17/04/1995,QPR,Crystal Palace,0,1,A
E0,17/04/1995,Sheffield Weds,Everton,0,0,D
E0,17/04/1995,Tottenham,Norwich,1,0,H
E0,17/04/1995,Wimbledon,Southampton,0,2,A
E0,19/04/1995,Blackburn,Crystal Palace,2,1,H
E0,29/04/1995,Arsenal,Tottenham,1,1,D
E0,29/04/1995,Chelsea,QPR,1,0,H
E0,29/04/1995,Crystal Palace,Nott'm Forest,1,2,A
E0,29/04/1995,Everton,Wimbledon,0,0,D
E0,29/04/1995,Leeds,Aston Villa,1,0,H
E0,29/04/1995,Leicester,Ipswich,2,0,H
E0,29/04/1995,Man City,Newcastle,0,0,D
E0,29/04/1995,Norwich,Liverpool,1,2,A
E0,29/04/1995,Southampton,Sheffield Weds,0,0,D
E0,30/04/1995,West Ham,Blackburn,2,0,H
E0,01/05/1995,Coventry,Man United,2,3,A
E0,02/05/1995,Wimbledon,Liverpool,0,0,D
E0,03/05/1995,Aston Villa,Man City,1,1,D
E0,03/05/1995,Everton,Chelsea,3,3,D
E0,03/05/1995,Newcastle,Tottenham,3,3,D
E0,03/05/1995,Southampton,Crystal Palace,3,1,H
E0,03/05/1995,West Ham,QPR,0,0,D
E0,04/05/1995,Arsenal,Wimbledon,0,0,D
E0,06/05/1995,Aston Villa,Liverpool,2,0,H
E0,06/05/1995,Crystal Palace,West Ham,1,0,H
E0,06/05/1995,Everton,Southampton,0,0,D
E0,06/05/1995,Ipswich,Coventry,2,0,H
E0,06/05/1995,Leeds,Norwich,2,1,H
E0,06/05/1995,Leicester,Chelsea,1,1,D
E0,06/05/1995,Nott'm Forest,Man City,1,0,H
E0,06/05/1995,QPR,Tottenham,2,1,H
E0,07/05/1995,Man United,Sheffield Weds,1,0,H
E0,08/05/1995,Blackburn,Newcastle,1,0,H
E0,09/05/1995,Ipswich,Everton,0,1,A
E0,09/05/1995,Leeds,Crystal Palace,3,1,H
E0,09/05/1995,Tottenham,Coventry,1,3,A
E0,10/05/1995,Man United,Southampton,2,1,H
E0,10/05/1995,West Ham,Liverpool,3,0,H
E0,13/05/1995,Wimbledon,Nott'm Forest,2,2,D
E0,14/05/1995,Chelsea,Arsenal,2,1,H
E0,14/05/1995,Coventry,Everton,0,0,D
E0,14/05/1995,Liverpool,Blackburn,2,1,H
E0,14/05/1995,Man City,QPR,2,3,A
E0,14/05/1995,Newcastle,Crystal Palace,3,2,H
E0,14/05/1995,Norwich,Aston Villa,1,1,D
E0,14/05/1995,Sheffield Weds,Ipswich,4,1,H
E0,14/05/1995,Southampton,Leicester,2,2,D
E0,14/05/1995,Tottenham,Leeds,1,1,D
E0,14/05/1995,West Ham,Man United,1,1,D
